applicant_id,age,annual_income,employment_years,credit_score,loan_amount,applicant_group,region,approved
1,21,864000,0,705,357000,A,south,1
2,40,1069000,2,666,1881000,A,north,0
3,35,466000,1,631,662000,B,west,0
4,47,541000,4,658,474000,B,south,0
5,36,833000,2,668,1658000,B,west,0
6,52,890000,9,610,1483000,B,north,0
7,41,529000,5,743,1286000,B,north,0
8,38,1020000,7,656,763000,A,east,1
9,40,1198000,3,661,2029000,A,east,0
10,33,829000,3,778,849000,A,south,1
11,39,732000,6,619,398000,B,north,0
12,38,568000,4,628,1027000,A,south,0
13,21,722000,0,689,1277000,B,east,0
14,39,718000,4,653,1678000,B,south,0
15,45,938000,3,520,620000,B,east,0
16,35,579000,2,555,1235000,B,north,0
17,33,725000,4,679,887000,A,east,0
18,40,682000,1,630,445000,B,north,0
19,47,884000,7,627,1175000,B,south,0
20,34,566000,5,717,487000,A,south,0
21,32,741000,2,641,977000,B,north,0
22,42,791000,6,748,1469000,B,east,0
23,47,698000,1,697,637000,B,west,0
24,36,451000,3,691,1154000,B,north,0
25,32,720000,4,750,1589000,B,north,0
26,35,784000,5,672,1694000,B,west,0
27,35,962000,1,801,863000,A,north,1
28,26,996000,1,721,2235000,A,west,0
29,34,602000,4,663,741000,A,east,0
30,25,854000,1,670,1002000,B,east,0
31,51,640000,10,753,981000,B,south,1
32,47,1011000,2,704,589000,A,north,1
33,35,987000,6,653,1679000,A,north,0
34,46,917000,9,688,916000,A,south,1
35,42,710000,8,502,353000,A,east,0
36,43,820000,5,633,1645000,A,north,0
37,38,956000,7,712,2433000,A,east,0
38,40,924000,4,629,471000,A,east,0
39,40,863000,4,543,1636000,B,east,0
40,43,966000,10,725,458000,A,north,1
41,44,808000,5,571,1385000,A,west,0
42,44,923000,3,691,1691000,A,north,0
43,55,737000,11,652,362000,A,north,0
44,28,755000,2,524,960000,B,north,0
45,50,1084000,8,518,1484000,B,west,0
46,44,781000,3,707,1884000,B,west,0
47,45,908000,1,617,1474000,A,north,0
48,47,1025000,11,546,684000,A,south,0
49,37,842000,7,657,670000,A,east,0
50,44,759000,4,726,1526000,A,south,0
51,44,909000,4,606,1544000,B,north,0
52,37,970000,5,721,950000,B,west,1
53,34,719000,4,656,649000,B,east,0
54,38,451000,6,628,183000,A,south,0
55,29,933000,3,697,2249000,A,west,0
56,23,880000,0,620,2007000,B,north,0
57,43,691000,10,709,1006000,A,north,0
58,40,792000,1,757,1748000,A,east,1
59,44,1082000,7,727,2554000,A,north,1
60,27,1171000,1,705,2985000,A,west,0
61,29,889000,3,779,1411000,A,south,1
62,51,1108000,5,638,958000,A,east,0
63,38,668000,5,678,1511000,B,south,0
64,55,985000,13,517,1077000,A,east,0
65,36,592000,1,617,1370000,B,west,0
66,28,964000,3,707,1483000,A,east,1
67,33,853000,4,684,1967000,B,south,0
68,30,970000,3,595,1012000,B,south,0
69,50,695000,4,613,341000,B,north,0
70,44,752000,7,652,556000,A,east,0
71,26,900000,1,694,2029000,B,west,0
72,37,1002000,6,664,2465000,A,north,0
73,32,838000,1,688,849000,A,west,0
74,21,504000,0,696,1222000,A,south,0
75,25,1051000,1,740,2616000,A,east,1
76,43,726000,9,594,1392000,A,west,0
77,29,454000,1,736,561000,A,north,0
78,44,1084000,9,498,2733000,A,north,0
79,31,642000,1,752,426000,B,west,1
80,42,951000,3,673,1087000,A,west,0
81,25,700000,0,701,522000,B,west,0
82,36,1021000,7,690,2569000,A,east,0
83,38,731000,5,574,944000,B,east,0
84,45,749000,11,655,1431000,A,east,0
85,50,913000,4,768,1733000,A,north,1
86,31,717000,2,724,1190000,B,south,0
87,31,1037000,2,548,861000,B,east,0
88,52,731000,5,724,1663000,A,north,0
89,39,807000,6,637,2017000,B,west,0
90,36,1306000,3,716,1078000,A,south,1
91,28,721000,1,569,1059000,B,north,0
92,43,578000,5,733,403000,B,west,0
93,30,778000,2,641,1501000,B,south,0
94,37,1034000,4,538,1479000,A,west,0
95,43,292000,5,651,316000,B,north,0
96,37,705000,3,754,342000,A,north,1
97,32,601000,0,699,1066000,B,north,0
98,40,577000,4,617,1380000,B,north,0
99,29,500000,1,672,372000,B,east,0
100,40,1178000,2,694,531000,B,east,1
101,32,773000,3,631,358000,B,east,0
102,42,802000,1,629,571000,A,north,0
103,38,987000,5,598,1285000,A,south,0
104,40,964000,4,811,2088000,A,north,1
105,46,946000,7,830,2296000,A,east,1
106,35,1128000,3,744,1680000,A,north,1
107,35,956000,3,599,1141000,A,east,0
108,31,1068000,2,715,2710000,A,east,0
109,43,1009000,7,614,557000,B,south,0
110,56,1334000,2,682,745000,A,north,1
111,28,618000,2,740,1518000,A,north,0
112,31,601000,1,673,1534000,A,west,0
113,35,770000,2,652,1163000,A,west,0
114,41,618000,5,749,1048000,A,south,1
115,44,991000,6,789,1814000,A,west,1
116,37,773000,4,664,1570000,A,west,0
117,49,807000,3,826,581000,B,east,1
118,38,1083000,5,607,2764000,B,north,0
119,33,770000,3,631,1761000,B,west,0
120,40,843000,6,806,854000,B,east,1
121,29,840000,2,718,446000,B,south,1
122,34,567000,4,602,953000,B,east,0
123,21,928000,0,554,2080000,A,south,0
124,44,934000,4,716,647000,B,north,1
125,42,498000,1,760,929000,B,north,0
126,41,607000,6,605,1084000,B,east,0
127,45,226000,3,621,338000,B,east,0
128,39,1132000,3,683,469000,A,west,1
129,41,952000,6,536,1046000,B,north,0
130,33,1178000,2,751,579000,A,east,1
131,39,1057000,1,758,1467000,B,north,1
132,41,996000,2,756,2013000,A,west,1
133,23,835000,0,632,1317000,B,south,0
134,38,557000,1,713,930000,B,south,0
135,50,686000,2,804,1061000,B,west,1
136,45,747000,1,751,1041000,B,south,0
137,45,1028000,8,652,653000,B,south,0
138,51,481000,2,784,717000,B,east,0
139,38,896000,5,668,849000,A,north,0
140,44,1020000,8,755,453000,B,east,1
141,47,957000,1,605,726000,A,south,0
142,40,749000,6,677,1185000,B,east,0
143,36,366000,3,532,756000,B,north,0
144,51,1144000,3,717,2140000,A,east,1
145,53,801000,9,735,1604000,A,east,1
146,44,975000,6,690,1865000,B,west,0
147,45,787000,8,794,1028000,A,north,1
148,43,1002000,7,783,1323000,A,east,1
149,31,914000,2,651,1938000,A,west,0
150,36,906000,5,633,463000,B,north,0
151,37,894000,4,674,1679000,B,north,0
152,33,769000,1,747,643000,A,north,1
153,42,1159000,2,662,1887000,A,east,0
154,32,614000,2,700,1431000,A,east,0
155,29,1258000,2,641,524000,B,east,1
156,41,957000,6,739,419000,B,west,1
157,37,872000,2,701,1884000,B,west,0
158,30,449000,1,676,973000,B,north,0
159,38,757000,4,626,564000,B,north,0
160,44,1242000,9,756,1796000,A,west,1
161,35,870000,4,739,1139000,A,east,1
162,24,764000,0,739,956000,B,west,0
163,27,739000,1,571,638000,B,west,0
164,28,960000,2,618,2212000,A,north,0
165,49,1016000,9,769,1967000,A,south,1
166,38,811000,1,754,1659000,A,east,1
167,33,765000,2,720,758000,B,north,0
168,34,936000,3,718,1789000,A,east,1
169,37,808000,5,645,1799000,A,south,0
170,39,821000,8,583,1011000,A,south,0
171,45,736000,3,747,389000,A,north,1
172,31,1040000,4,658,1559000,A,east,0
173,37,1005000,3,612,2003000,A,west,0
174,27,588000,0,710,904000,A,west,0
175,31,936000,1,626,1209000,A,east,0
176,55,639000,6,688,961000,B,east,0
177,41,791000,4,715,1462000,A,east,0
178,37,671000,4,724,832000,B,east,0
179,39,880000,6,787,1820000,B,north,1
180,51,688000,4,635,1421000,B,east,0
181,46,897000,8,695,1452000,A,east,1
182,49,910000,8,556,366000,A,west,0
183,38,1104000,3,673,1661000,A,north,0
184,39,878000,4,712,1158000,A,east,1
185,32,537000,4,733,503000,A,south,1
186,39,581000,6,538,297000,A,south,0
187,32,763000,3,621,1923000,A,east,0
188,43,776000,5,629,1198000,B,south,0
189,47,944000,8,764,595000,B,east,1
190,34,771000,2,652,1418000,A,east,0
191,38,348000,1,657,482000,B,north,0
192,50,1117000,6,663,2283000,A,south,0
193,49,956000,7,587,1153000,B,west,0
194,35,549000,5,556,518000,B,east,0
195,30,825000,3,899,979000,B,east,1
196,32,943000,1,784,767000,A,east,1
197,35,990000,4,766,1036000,A,south,1
198,26,804000,1,759,1675000,A,west,1
199,36,576000,1,641,505000,B,east,0
200,28,1025000,2,616,1326000,A,west,0
201,53,370000,10,680,512000,B,south,0
202,58,737000,3,645,968000,B,north,0
203,42,764000,2,782,1765000,B,west,0
204,37,664000,3,544,1013000,B,south,0
205,26,833000,0,688,537000,B,south,0
206,28,739000,2,633,1733000,A,west,0
207,34,873000,5,737,358000,A,south,1
208,34,727000,4,648,803000,B,west,0
209,34,1170000,4,646,733000,A,north,1
210,34,1037000,2,762,2226000,A,north,1
211,45,695000,6,646,1727000,A,north,0
212,40,992000,4,747,1465000,A,west,1
213,36,934000,5,622,2262000,B,west,0
214,41,1181000,5,511,1241000,B,east,0
215,42,1010000,9,819,1937000,A,south,1
216,24,952000,1,632,2044000,B,north,0
217,28,966000,1,631,811000,B,south,0
218,42,977000,3,621,1544000,A,east,0
219,42,1377000,9,622,2169000,A,east,1
220,34,971000,2,645,671000,B,east,0
221,48,733000,3,623,759000,A,west,0
222,37,427000,4,651,316000,B,west,0
223,21,848000,0,668,1551000,B,east,0
224,36,1325000,6,714,1353000,A,north,1
225,41,531000,2,643,1366000,B,east,0
226,51,211000,3,508,532000,B,east,0
227,41,969000,2,615,1710000,B,west,0
228,37,586000,5,687,1487000,B,east,0
229,34,1183000,3,625,682000,A,south,1
230,34,1039000,6,697,995000,A,north,1
231,37,769000,5,653,1303000,B,south,0
232,32,935000,3,660,2100000,A,east,0
233,21,591000,0,811,1535000,A,north,1
234,52,876000,2,686,972000,A,south,0
235,32,1131000,4,594,2410000,A,east,0
236,23,1150000,1,687,1778000,B,north,0
237,21,835000,0,619,1280000,B,east,0
238,45,1171000,5,737,1581000,B,west,1
239,29,902000,3,718,963000,A,south,1
240,40,735000,4,712,592000,B,south,0
241,32,1006000,1,668,1206000,B,east,0
242,31,946000,1,549,540000,A,east,0
243,44,746000,3,722,1638000,A,south,0
244,45,1072000,4,732,1894000,B,west,1
245,60,668000,12,667,1302000,B,east,0
246,44,422000,4,708,466000,B,south,0
247,44,898000,1,677,1031000,B,north,0
248,39,297000,3,691,678000,B,west,0
249,42,975000,7,757,1171000,A,north,1
250,48,1138000,4,784,1109000,A,west,1
251,22,769000,0,695,1888000,A,north,0
252,41,1013000,6,689,1716000,B,north,0
253,27,1071000,2,703,2753000,A,south,0
254,36,450000,3,679,415000,B,east,0
255,35,933000,1,736,1414000,B,south,1
256,48,697000,11,654,750000,A,west,0
257,38,884000,6,674,644000,A,south,1
258,35,831000,1,757,1965000,B,west,0
259,52,935000,2,571,1856000,A,north,0
260,43,453000,7,746,572000,A,west,0
261,37,1294000,5,730,2062000,A,west,1
262,22,743000,0,679,1831000,A,south,0
263,26,541000,0,689,875000,B,south,0
264,35,825000,2,691,1002000,B,east,0
265,22,974000,0,565,1472000,B,north,0
266,37,797000,3,705,1208000,A,east,0
267,46,805000,11,720,1593000,A,east,1
268,24,625000,1,783,957000,A,south,1
269,44,844000,6,589,1105000,A,north,0
270,49,536000,6,637,439000,B,west,0
271,27,1093000,1,763,1463000,A,east,1
272,39,629000,2,651,765000,A,north,0
273,34,1164000,5,646,2300000,A,west,0
274,47,728000,2,714,1659000,A,west,0
275,43,298000,7,517,664000,B,west,0
276,45,867000,9,569,2147000,A,north,0
277,40,520000,6,665,671000,A,west,0
278,41,780000,6,776,911000,A,east,1
279,36,1017000,5,545,2178000,A,east,0
280,31,734000,4,701,743000,A,south,0
281,38,560000,2,630,1018000,B,south,0
282,42,685000,2,694,1275000,B,south,0
283,21,987000,0,559,1522000,A,north,0
284,51,725000,8,588,1625000,B,north,0
285,37,656000,6,746,1293000,A,west,0
286,32,904000,4,627,1987000,B,south,0
287,36,872000,7,607,1451000,A,west,0
288,33,688000,4,707,393000,B,north,0
289,46,1094000,7,636,1865000,A,east,0
290,23,879000,1,705,518000,A,north,1
291,48,926000,5,653,2308000,B,north,0
292,32,780000,5,703,1213000,A,west,0
293,44,712000,8,568,1019000,A,north,0
294,37,1150000,3,715,1944000,A,east,1
295,30,815000,4,682,1533000,A,north,0
296,44,857000,4,650,1435000,B,south,0
297,39,718000,5,559,945000,B,east,0
298,52,559000,11,653,807000,B,south,0
299,40,813000,4,592,598000,A,north,0
300,35,1044000,4,610,1469000,A,north,0
301,54,510000,3,706,1158000,B,east,0
302,37,980000,4,725,2407000,A,west,0
303,35,1165000,5,744,2114000,A,south,1
304,33,877000,3,696,1516000,B,north,0
305,35,727000,4,787,1773000,A,east,1
306,49,595000,3,727,787000,B,east,0
307,41,861000,7,583,1954000,A,north,0
308,40,605000,5,678,546000,B,south,0
309,25,353000,1,601,499000,B,south,0
310,33,798000,1,589,571000,A,east,0
311,39,665000,5,703,1729000,B,north,0
312,40,1271000,5,690,2451000,A,north,1
313,47,668000,6,675,979000,B,west,0
314,34,662000,4,651,498000,B,north,0
315,36,1312000,4,687,3128000,A,west,1
316,31,792000,1,636,450000,A,east,0
317,40,705000,7,567,1400000,A,north,0
318,39,768000,4,662,1134000,B,east,0
319,33,938000,4,648,1078000,A,north,0
320,43,641000,7,674,1651000,B,west,0
321,28,991000,1,628,614000,A,east,0
322,38,1013000,4,695,1032000,B,west,1
323,50,1266000,5,642,1706000,A,east,1
324,38,598000,5,735,1368000,B,north,0
325,28,919000,1,733,1212000,B,north,1
326,51,800000,4,698,1035000,B,west,0
327,36,846000,2,724,1103000,B,north,0
328,53,910000,6,732,746000,A,west,1
329,42,676000,4,752,1753000,B,south,0
330,43,1441000,5,670,1428000,A,south,1
331,42,1369000,5,699,2523000,A,south,1
332,21,848000,0,744,1412000,A,south,1
333,35,832000,4,686,1732000,A,south,0
334,36,667000,1,745,1496000,A,south,0
335,49,999000,4,654,767000,A,north,0
336,38,667000,5,624,833000,B,north,0
337,44,832000,7,561,2023000,A,east,0
338,26,1143000,1,751,1592000,A,west,1
339,35,870000,3,621,358000,B,west,0
340,39,1002000,7,540,1610000,A,east,0
341,51,824000,3,671,1374000,A,south,0
342,38,847000,6,618,834000,A,east,0
343,45,893000,2,774,580000,A,south,1
344,21,780000,0,723,1930000,A,east,0
345,45,492000,6,603,657000,B,east,0
346,48,904000,9,787,1165000,A,west,1
347,40,814000,6,671,1768000,B,east,0
348,41,835000,7,567,364000,A,south,0
349,35,1008000,4,577,1495000,A,north,0
350,29,843000,0,758,749000,B,east,1
351,34,877000,2,598,2173000,B,east,0
352,50,919000,6,723,515000,B,west,1
353,58,920000,7,650,2137000,A,north,0
354,43,669000,2,666,1041000,A,west,0
355,41,752000,5,644,747000,A,west,0
356,28,771000,1,687,1413000,B,north,0
357,27,1162000,2,591,1866000,A,north,0
358,35,836000,3,684,1410000,A,east,0
359,44,706000,3,777,418000,B,north,1
360,26,671000,1,666,291000,B,west,0
361,27,477000,0,678,458000,B,west,0
362,28,642000,2,666,1618000,B,south,0
363,37,1184000,5,657,2806000,A,south,0
364,48,724000,5,669,1859000,A,north,0
365,44,862000,7,579,1856000,A,west,0
366,22,986000,0,754,1844000,A,south,1
367,29,1054000,3,618,1814000,A,south,0
368,45,1152000,6,736,1097000,A,south,1
369,44,1134000,8,761,2275000,A,west,1
370,27,575000,2,528,294000,B,south,0
371,32,922000,4,726,1632000,A,north,1
372,44,1156000,3,675,1965000,A,west,1
373,46,503000,4,695,999000,B,west,0
374,42,1011000,9,679,1255000,A,west,1
375,49,896000,9,597,1752000,A,east,0
376,39,858000,3,740,1118000,A,west,1
377,36,424000,3,604,433000,B,north,0
378,38,666000,5,705,585000,A,east,0
379,28,754000,2,760,1156000,B,south,1
380,41,577000,2,690,1401000,B,east,0
381,35,863000,3,647,1902000,A,east,0
382,43,1074000,7,665,1119000,B,north,0
383,31,872000,2,731,2146000,B,north,0
384,39,765000,3,707,846000,A,north,0
385,33,520000,3,609,601000,B,north,0
386,34,711000,1,672,1082000,A,north,0
387,37,883000,2,818,1782000,A,south,1
388,39,1025000,6,688,1916000,A,south,0
389,27,1110000,1,626,1716000,A,west,0
390,22,896000,0,691,475000,A,west,1
391,44,560000,1,686,948000,B,south,0
392,21,700000,0,763,1535000,B,east,0
393,41,1021000,6,751,929000,A,south,1
394,28,851000,2,637,1720000,B,south,0
395,54,808000,7,629,1634000,A,north,0
396,30,686000,1,679,1301000,B,west,0
397,38,615000,7,755,1287000,A,south,0
398,41,413000,9,601,648000,A,east,0
399,24,1157000,1,749,1162000,A,north,1
400,31,340000,1,671,252000,B,north,0
401,43,745000,7,768,944000,B,west,1
402,28,726000,2,624,1389000,B,north,0
403,37,727000,4,733,1294000,A,west,0
404,51,936000,6,641,2023000,B,north,0
405,21,854000,0,635,955000,B,north,0
406,35,774000,1,759,521000,B,north,1
407,49,1078000,10,620,966000,A,south,0
408,28,1024000,2,792,1763000,A,south,1
409,30,950000,2,726,1247000,A,north,1
410,43,632000,7,623,1185000,B,east,0
411,41,937000,2,643,1979000,A,south,0
412,41,477000,2,790,711000,B,west,0
413,41,621000,4,661,307000,B,east,0
414,58,774000,3,727,833000,A,east,1
415,47,1205000,10,632,1916000,A,south,0
416,50,484000,5,699,519000,B,north,0
417,37,756000,1,770,447000,B,north,1
418,48,998000,6,616,811000,B,west,0
419,33,930000,2,801,2183000,A,south,1
420,29,730000,3,645,384000,B,south,0
421,47,712000,3,644,814000,B,north,0
422,27,966000,1,694,2112000,A,south,0
423,48,633000,2,516,1213000,B,west,0
424,49,860000,5,549,345000,B,south,0
425,21,851000,0,647,947000,B,west,0
426,40,779000,7,667,1802000,A,east,0
427,47,518000,7,572,1015000,B,east,0
428,39,810000,4,734,1594000,A,west,1
429,39,632000,3,626,631000,B,west,0
430,39,248000,2,707,171000,B,north,0
431,46,869000,2,726,543000,B,south,1
432,44,672000,5,820,1530000,B,south,1
433,40,505000,1,657,1026000,A,west,0
434,49,874000,9,720,1095000,A,north,1
435,48,623000,2,641,541000,B,north,0
436,47,584000,6,606,1376000,B,north,0
437,32,1266000,1,789,2354000,A,west,1
438,37,697000,3,675,1213000,A,south,0
439,52,676000,9,672,487000,A,south,0
440,45,958000,4,679,2000000,A,north,0
441,38,393000,7,603,643000,A,east,0
442,40,834000,3,747,589000,A,north,1
443,36,796000,4,737,713000,B,south,1
444,23,540000,0,735,826000,B,west,0
445,48,712000,9,573,1555000,B,east,0
446,40,977000,2,601,1115000,B,south,0
447,29,981000,1,661,1041000,A,north,0
448,45,577000,7,672,1218000,B,west,0
449,51,1005000,8,724,1719000,A,west,1
450,37,803000,4,751,584000,A,east,1
451,30,534000,2,513,1311000,B,north,0
452,37,785000,3,623,1603000,A,north,0
453,39,736000,6,656,651000,A,east,0
454,40,963000,2,767,1047000,A,west,1
455,50,1261000,6,712,2055000,A,south,1
456,52,1012000,10,639,1052000,A,south,0
457,43,709000,2,685,1126000,B,south,0
458,42,952000,5,696,1319000,A,east,1
459,30,589000,1,756,506000,B,north,1
460,30,665000,3,659,1514000,B,west,0
461,36,1079000,2,624,2459000,A,north,0
462,26,736000,1,686,1588000,A,west,0
463,25,497000,0,673,681000,B,north,0
464,36,945000,4,660,2083000,A,east,0
465,40,840000,6,718,771000,A,east,1
466,49,588000,10,722,1443000,A,west,0
467,32,602000,3,642,1147000,B,south,0
468,21,1251000,0,706,1749000,A,south,1
469,38,633000,4,582,573000,B,east,0
470,31,310000,1,649,584000,B,west,0
471,47,712000,9,651,1075000,A,south,0
472,50,1304000,11,743,958000,A,east,1
473,37,914000,3,587,1052000,A,west,0
474,41,461000,3,585,1084000,A,west,0
475,51,847000,11,724,846000,A,north,1
476,39,974000,7,677,1119000,A,south,1
477,25,777000,1,772,898000,B,north,1
478,37,883000,6,642,1029000,A,east,0
479,45,559000,4,640,1194000,B,west,0
480,25,977000,0,607,1560000,B,south,0
481,25,942000,1,663,2209000,B,west,0
482,36,1080000,5,697,2707000,B,east,0
483,43,1169000,3,683,2505000,A,north,0
484,34,622000,1,709,1556000,B,north,0
485,40,891000,8,577,714000,A,east,0
486,32,646000,3,563,1413000,B,south,0
487,39,1226000,2,453,2865000,A,south,0
488,30,584000,2,684,1455000,B,west,0
489,40,749000,6,626,360000,A,north,0
490,27,656000,2,640,861000,B,west,0
491,27,1119000,3,767,1268000,A,north,1
492,34,814000,4,730,1534000,A,north,1
493,53,873000,8,687,2092000,A,east,0
494,33,1036000,2,718,1018000,B,south,1
495,46,911000,2,734,1896000,B,west,0
496,47,913000,7,688,463000,B,west,1
497,27,499000,1,812,472000,A,south,1
498,45,800000,8,690,438000,A,east,1
499,31,1041000,4,743,1514000,A,west,1
500,44,468000,2,694,191000,B,north,0
501,39,659000,7,786,1048000,A,south,1
502,34,613000,6,741,285000,A,north,1
503,42,695000,9,718,1779000,A,east,0
504,28,525000,1,754,1140000,B,west,0
505,21,883000,0,677,2029000,A,west,0
506,21,716000,0,785,639000,A,north,1
507,36,767000,6,697,964000,A,north,0
508,40,789000,4,804,1432000,A,south,1
509,37,841000,2,675,410000,A,east,1
510,37,428000,7,658,266000,A,north,0
511,49,933000,10,752,837000,A,north,1
512,27,697000,1,680,828000,A,north,0
513,38,957000,3,787,1950000,B,west,1
514,21,360000,0,707,214000,B,south,0
515,35,451000,3,755,848000,B,north,0
516,47,928000,4,798,392000,A,east,1
517,32,743000,2,770,676000,B,west,1
518,46,772000,11,722,370000,A,east,1
519,45,583000,7,729,1470000,B,east,0
520,45,589000,3,664,1526000,B,east,0
521,53,1117000,7,664,741000,B,east,1
522,39,693000,4,746,1465000,A,south,0
523,32,640000,3,740,1028000,B,south,0
524,39,1218000,4,556,3108000,A,east,0
525,41,872000,7,600,687000,B,west,0
526,36,1313000,1,729,1105000,A,north,1
527,40,717000,4,718,435000,B,west,1
528,43,585000,4,670,960000,B,south,0
529,53,912000,2,659,1326000,A,north,0
530,43,282000,5,666,542000,B,south,0
531,56,581000,7,652,537000,B,west,0
532,42,618000,5,774,1476000,A,east,0
533,49,735000,3,713,1533000,B,north,0
534,45,836000,2,615,959000,B,east,0
535,21,1034000,0,727,1853000,A,east,1
536,34,958000,1,660,1867000,A,north,0
537,39,1365000,6,663,2885000,A,north,1
538,34,806000,1,729,1579000,A,south,0
539,35,914000,1,643,729000,A,west,0
540,33,828000,4,582,454000,A,east,0
541,43,600000,3,594,1085000,B,east,0
542,33,576000,1,650,990000,B,west,0
543,38,959000,3,685,721000,A,north,1
544,22,790000,0,715,1711000,A,east,0
545,29,224000,1,676,268000,B,east,0
546,38,995000,2,739,461000,A,east,1
547,46,968000,2,713,2010000,B,east,0
548,46,630000,5,644,1458000,B,east,0
549,42,1057000,6,561,1816000,B,west,0
550,46,1091000,2,707,1463000,B,north,1
551,53,556000,8,743,1003000,B,south,0
552,46,411000,3,675,856000,B,north,0
553,41,1082000,8,737,1396000,A,east,1
554,53,557000,10,652,734000,A,west,0
555,52,1309000,11,797,1349000,A,west,1
556,30,877000,4,627,472000,A,north,0
557,33,797000,2,750,1310000,A,north,1
558,41,884000,4,715,957000,B,south,1
559,55,1084000,7,637,874000,B,north,0
560,21,1316000,0,767,2545000,A,west,1
561,56,803000,13,697,756000,A,north,1
562,33,637000,3,599,733000,A,west,0
563,25,790000,1,610,2034000,B,south,0
564,31,883000,3,632,821000,A,west,0
565,33,738000,1,565,1459000,B,east,0
566,63,301000,7,740,397000,A,north,0
567,45,747000,7,684,641000,B,north,0
568,32,679000,1,645,1390000,A,east,0
569,31,479000,1,693,1133000,B,south,0
570,34,745000,4,608,1449000,A,north,0
571,47,455000,2,771,469000,B,north,0
572,50,514000,12,773,427000,A,east,1
573,43,644000,1,746,1241000,B,south,0
574,36,776000,1,725,1368000,A,west,0
575,29,789000,2,675,966000,B,north,0
576,43,574000,7,765,252000,B,east,1
577,55,913000,9,868,1717000,A,north,1
578,26,891000,2,631,2206000,B,east,0
579,30,826000,3,742,1299000,A,east,1
580,54,746000,9,656,1386000,A,east,0
581,22,764000,0,743,586000,A,west,1
582,50,1195000,13,718,1578000,A,west,1
583,41,854000,2,759,559000,B,west,1
584,53,593000,11,643,1154000,B,north,0
585,48,413000,2,614,873000,B,south,0
586,35,1081000,2,583,2168000,A,west,0
587,36,749000,4,714,1073000,B,east,0
588,37,927000,4,697,983000,A,north,1
589,38,1065000,2,606,1071000,A,west,0
590,28,773000,1,630,1005000,A,south,0
591,42,1110000,8,705,535000,A,south,1
592,39,847000,7,684,1907000,A,east,0
593,34,855000,4,615,821000,A,south,0
594,40,793000,6,768,383000,A,east,1
595,39,1106000,7,657,813000,A,east,1
596,35,677000,4,737,662000,B,west,1
597,30,1036000,3,759,2414000,A,east,1
598,22,662000,0,749,1307000,B,west,0
599,48,638000,10,789,1423000,A,east,1
600,43,776000,2,603,1100000,A,west,0
601,43,704000,8,697,1185000,A,south,0
602,43,1232000,4,772,1309000,A,south,1
603,35,734000,2,622,486000,B,east,0
604,21,1044000,0,612,1672000,A,south,0
605,39,632000,3,624,953000,B,east,0
606,34,619000,1,675,588000,B,east,0
607,38,792000,4,669,1968000,B,north,0
608,39,1240000,3,790,545000,A,west,1
609,35,731000,2,619,1782000,B,south,0
610,35,735000,1,716,1486000,A,east,0
611,39,652000,4,744,1227000,A,north,0
612,36,418000,1,608,627000,B,north,0
613,29,1053000,2,658,2266000,A,east,0
614,41,737000,5,728,1216000,A,east,0
615,28,959000,1,637,1724000,A,north,0
616,47,986000,7,700,1026000,B,east,1
617,28,1013000,3,684,1067000,A,west,1
618,34,636000,2,735,475000,B,west,0
619,45,1245000,11,577,3004000,A,west,0
620,45,1072000,4,818,1926000,A,north,1
621,37,1036000,7,603,1747000,A,north,0
622,43,830000,9,608,891000,A,south,0
623,32,893000,4,632,690000,A,west,0
624,33,831000,2,738,1614000,A,north,1
625,32,837000,3,629,1017000,A,east,0
626,27,612000,1,698,458000,A,east,0
627,31,1104000,4,701,814000,A,east,1
628,33,1072000,2,618,2079000,A,east,0
629,32,340000,2,600,524000,B,south,0
630,51,1083000,13,583,2415000,A,south,0
631,42,449000,9,664,1028000,A,west,0
632,37,552000,1,675,1299000,B,west,0
633,48,734000,5,722,1868000,A,east,0
634,39,1034000,4,578,563000,B,west,0
635,21,570000,0,783,375000,A,south,1
636,39,1031000,5,727,583000,A,north,1
637,43,1294000,2,542,3295000,A,west,0
638,32,471000,1,614,1097000,B,north,0
639,36,814000,1,779,1963000,A,north,1
640,22,406000,0,758,195000,A,south,1
641,40,931000,6,745,1298000,B,west,1
642,25,902000,1,744,1024000,A,south,1
643,35,1407000,3,740,751000,A,east,1
644,45,685000,8,628,630000,A,north,0
645,52,966000,6,690,1564000,A,west,1
646,43,589000,4,759,788000,B,west,0
647,55,959000,12,694,2212000,A,north,0
648,39,990000,1,696,2009000,A,west,0
649,21,508000,0,654,1188000,B,west,0
650,30,568000,2,712,1109000,B,north,0
651,70,744000,2,599,399000,B,east,0
652,40,855000,4,663,824000,A,south,0
653,40,853000,8,693,2091000,A,north,0
654,44,830000,4,708,1245000,A,east,0
655,41,1145000,1,584,803000,B,north,0
656,38,905000,6,794,2241000,B,west,1
657,45,910000,9,723,1912000,A,east,1
658,49,882000,5,623,725000,A,south,0
659,37,832000,3,762,1179000,A,north,1
660,31,769000,3,748,416000,A,east,1
661,32,686000,2,609,333000,B,south,0
662,35,1024000,1,678,1833000,B,south,0
663,42,815000,5,610,777000,A,south,0
664,41,466000,6,670,1096000,A,east,0
665,44,1064000,10,685,2363000,A,south,0
666,30,895000,1,727,1211000,A,north,1
667,33,784000,1,717,440000,B,west,1
668,40,811000,2,515,575000,B,north,0
669,29,740000,3,679,1542000,A,north,0
670,57,401000,10,629,1030000,B,east,0
671,50,984000,4,659,2281000,B,west,0
672,38,322000,4,720,760000,B,south,0
673,48,783000,9,632,1693000,B,south,0
674,33,406000,4,778,355000,A,east,1
675,41,832000,4,613,977000,A,north,0
676,55,501000,8,571,669000,B,west,0
677,33,533000,3,740,841000,A,south,0
678,31,891000,1,778,1449000,A,west,1
679,34,869000,2,687,819000,A,west,0
680,51,998000,10,687,1314000,B,east,1
681,62,276000,2,672,436000,B,east,0
682,21,592000,0,682,314000,B,north,0
683,26,642000,2,782,1398000,B,north,0
684,33,808000,5,712,985000,A,north,1
685,38,1053000,2,559,2201000,B,west,0
686,40,1083000,8,723,632000,A,east,1
687,39,818000,2,686,1872000,B,south,0
688,38,632000,1,663,651000,B,south,0
689,32,1045000,1,700,665000,A,south,1
690,43,810000,4,707,1750000,B,east,0
691,38,604000,5,617,940000,A,east,0
692,43,799000,6,575,787000,B,north,0
693,26,1035000,1,739,1006000,A,east,1
694,54,1135000,9,584,654000,A,north,0
695,36,1056000,3,726,1403000,A,south,1
696,30,932000,3,589,387000,A,south,0
697,25,1027000,0,693,1543000,B,east,0
698,36,646000,3,762,896000,B,south,1
699,27,1096000,3,649,1042000,A,north,0
700,34,683000,2,814,1431000,B,north,1
701,37,632000,4,626,480000,B,west,0
702,37,498000,1,596,876000,B,north,0
703,40,611000,7,701,979000,B,north,0
704,44,780000,7,616,492000,B,north,0
705,36,789000,3,676,1402000,A,west,0
706,28,689000,2,653,851000,A,east,0
707,41,451000,3,736,384000,A,south,0
708,22,1302000,0,728,3310000,A,west,1
709,28,1070000,1,647,2210000,A,east,0
710,47,607000,5,530,1022000,A,west,0
711,42,545000,1,570,238000,B,north,0
712,45,850000,8,729,1749000,A,west,1
713,35,734000,4,544,460000,B,north,0
714,52,600000,3,578,1019000,B,south,0
715,35,784000,2,748,892000,B,west,1
716,52,781000,10,791,1813000,B,west,1
717,46,894000,7,719,493000,A,south,1
718,38,450000,4,644,802000,B,north,0
719,39,778000,6,618,321000,A,south,0
720,27,1099000,2,761,2429000,A,north,1
721,44,885000,6,540,993000,B,south,0
722,41,853000,6,767,2187000,A,east,1
723,38,948000,2,695,1013000,A,west,1
724,38,1208000,2,746,719000,A,west,1
725,40,713000,2,589,1117000,A,north,0
726,26,758000,1,585,798000,B,north,0
727,37,729000,3,849,706000,B,south,1
728,38,921000,3,719,1079000,A,west,1
729,50,1362000,6,580,1797000,B,east,0
730,21,717000,0,734,1428000,A,north,0
731,36,1050000,6,749,816000,A,north,1
732,38,227000,5,731,207000,B,west,0
733,47,1321000,7,665,1188000,B,east,1
734,32,800000,3,614,878000,B,south,0
735,43,1254000,8,794,1430000,A,north,1
736,39,828000,6,795,1527000,B,north,1
737,43,936000,7,675,1538000,A,north,0
738,41,822000,2,629,1036000,A,east,0
739,39,799000,7,706,1738000,A,west,0
740,50,667000,6,648,1227000,A,west,0
741,57,763000,7,609,1381000,B,south,0
742,41,458000,2,612,606000,B,west,0
743,51,529000,8,601,983000,B,south,0
744,44,544000,10,690,736000,A,north,0
745,43,583000,8,781,693000,A,south,1
746,29,1068000,1,633,1952000,A,north,0
747,28,761000,2,625,694000,A,west,0
748,29,926000,2,749,2343000,A,east,1
749,23,904000,0,702,1103000,A,west,1
750,52,844000,6,628,1723000,A,west,0
751,35,901000,4,650,2283000,B,east,0
752,44,596000,3,650,525000,B,south,0
753,46,962000,3,691,1342000,B,east,0
754,43,1265000,9,662,1871000,A,east,1
755,22,677000,0,795,960000,A,north,1
756,39,784000,1,548,1848000,A,south,0
757,46,888000,5,546,2263000,B,east,0
758,27,1141000,1,757,1684000,B,west,1
759,37,860000,2,636,1203000,A,north,0
760,38,558000,4,582,932000,A,south,0
761,38,633000,3,706,1186000,A,north,0
762,55,926000,7,801,1542000,B,south,1
763,40,473000,3,566,761000,B,south,0
764,30,632000,2,648,595000,A,south,0
765,46,865000,3,624,2031000,A,west,0
766,45,951000,4,663,1143000,B,east,0
767,42,637000,6,680,338000,B,north,0
768,30,731000,1,673,406000,B,west,0
769,47,742000,3,552,543000,B,west,0
770,33,705000,1,701,1721000,B,north,0
771,21,848000,0,737,1241000,B,south,0
772,39,442000,2,733,1120000,A,south,0
773,37,264000,1,658,450000,B,north,0
774,38,778000,4,740,388000,B,south,1
775,36,829000,5,682,561000,A,east,1
776,32,610000,1,558,565000,A,east,0
777,41,936000,6,615,989000,B,south,0
778,31,1071000,3,679,1487000,A,south,1
779,45,957000,6,726,1783000,B,south,1
780,29,1192000,3,711,2995000,A,west,1
781,25,1178000,1,766,1350000,A,north,1
782,36,599000,2,645,327000,B,north,0
783,45,1017000,10,703,2531000,A,east,0
784,34,1022000,2,683,2115000,B,north,0
785,40,817000,4,752,752000,B,south,1
786,40,976000,3,655,1783000,A,east,0
787,39,1055000,5,641,637000,A,south,1
788,44,750000,6,664,554000,A,north,0
789,42,1018000,3,708,2432000,A,south,0
790,30,715000,2,686,445000,A,south,0
791,40,1009000,3,685,688000,A,north,1
792,51,829000,7,656,476000,B,north,0
793,52,709000,2,708,1051000,A,east,0
794,25,493000,0,762,744000,B,east,0
795,26,1022000,2,566,1770000,A,east,0
796,35,1087000,2,715,1851000,A,north,1
797,30,970000,1,664,2094000,A,south,0
798,29,493000,3,697,879000,B,east,0
799,33,250000,3,620,395000,B,south,0
800,41,915000,5,683,1248000,B,north,0
801,34,737000,3,650,398000,A,east,0
802,43,975000,4,627,924000,A,north,0
803,26,1235000,2,667,2767000,A,east,0
804,21,799000,0,737,1405000,A,east,0
805,34,790000,2,725,1479000,B,east,0
806,49,677000,11,566,1738000,A,east,0
807,48,612000,6,669,554000,A,north,0
808,29,937000,1,570,1326000,A,east,0
809,48,676000,9,693,807000,A,east,0
810,45,690000,4,780,450000,A,north,1
811,45,866000,2,707,1740000,A,east,0
812,33,543000,1,686,710000,B,north,0
813,35,1132000,4,652,2116000,B,east,0
814,27,618000,2,737,520000,B,west,0
815,38,342000,3,626,668000,B,south,0
816,43,833000,10,723,1379000,A,north,1
817,37,672000,4,628,1701000,B,south,0
818,37,880000,6,781,2197000,A,south,1
819,40,524000,5,654,1094000,B,north,0
820,35,847000,6,755,1074000,A,south,1
821,36,1059000,5,697,2250000,A,north,0
822,31,570000,2,696,1083000,B,west,0
823,39,718000,3,726,1582000,B,east,0
824,44,448000,7,656,498000,B,east,0
825,23,685000,0,709,684000,A,south,0
826,45,789000,3,631,1934000,B,south,0
827,34,625000,2,624,560000,B,west,0
828,31,536000,0,717,635000,B,north,0
829,70,504000,13,595,342000,B,south,0
830,44,973000,10,612,1959000,A,east,0
831,46,1076000,3,812,1518000,A,north,1
832,25,660000,1,575,752000,B,west,0
833,56,504000,12,643,944000,B,north,0
834,55,763000,4,661,622000,B,east,0
835,37,882000,1,760,1030000,A,north,1
836,21,1066000,0,754,2520000,A,west,1
837,49,976000,7,607,516000,B,north,0
838,38,996000,4,491,662000,B,west,0
839,46,1122000,4,659,2811000,B,west,0
840,45,763000,7,571,1935000,B,east,0
841,37,775000,2,629,777000,A,west,0
842,29,885000,3,697,1808000,A,west,0
843,54,590000,6,599,1332000,B,north,0
844,43,1029000,3,614,2074000,B,west,0
845,21,1010000,0,676,807000,B,south,0
846,34,1076000,5,706,1732000,A,east,1
847,47,636000,2,687,1586000,B,north,0
848,32,944000,4,752,615000,A,east,1
849,46,921000,7,653,1471000,B,north,0
850,28,557000,2,733,642000,B,south,0
851,33,741000,4,643,1588000,A,west,0
852,54,1098000,9,718,875000,A,west,1
853,23,672000,1,647,1740000,B,south,0
854,46,1191000,8,810,1693000,A,west,1
855,25,678000,1,640,875000,B,north,0
856,47,638000,5,674,593000,B,west,0
857,46,1041000,5,838,1410000,A,south,1
858,53,618000,9,685,503000,B,west,0
859,54,1043000,6,612,1846000,B,east,0
860,45,874000,7,625,1709000,B,north,0
861,52,632000,13,659,1625000,A,south,0
862,42,1017000,6,704,442000,A,east,1
863,54,698000,7,677,1059000,A,west,0
864,34,846000,2,694,636000,A,south,1
865,47,858000,3,709,1629000,B,west,0
866,64,736000,13,594,999000,B,west,0
867,41,716000,2,486,397000,A,south,0
868,39,601000,8,720,315000,A,east,1
869,36,993000,2,698,2353000,A,north,0
870,33,671000,4,579,1112000,B,south,0
871,43,348000,4,635,513000,B,west,0
872,40,732000,6,752,1568000,A,south,1
873,47,1149000,7,643,810000,A,east,1
874,53,1000000,2,737,1866000,A,north,1
875,59,633000,11,681,623000,B,north,0
876,47,728000,7,593,1268000,B,west,0
877,22,390000,0,781,435000,B,east,0
878,45,816000,7,669,524000,B,north,0
879,33,374000,3,530,636000,B,south,0
880,31,1015000,3,717,1847000,B,south,0
881,27,977000,0,640,1042000,A,east,0
882,37,1003000,3,661,1204000,B,north,0
883,46,806000,7,743,715000,B,west,1
884,42,553000,7,671,823000,B,south,0
885,33,1037000,4,623,2041000,A,west,0
886,31,1067000,1,781,1001000,A,north,1
887,26,783000,1,700,436000,B,north,0
888,42,822000,3,742,432000,A,east,1
889,39,757000,5,766,1148000,A,south,1
890,24,849000,0,733,1073000,A,south,1
891,46,888000,4,741,2193000,A,east,0
892,29,919000,1,657,1739000,A,west,0
893,39,568000,3,648,1476000,B,north,0
894,27,1044000,0,780,651000,A,north,1
895,36,868000,1,778,1612000,B,south,1
896,27,557000,2,671,788000,B,west,0
897,28,446000,0,619,471000,B,west,0
898,30,765000,2,652,1809000,B,west,0
899,27,833000,2,689,548000,A,north,1
900,37,836000,5,636,792000,A,south,0
901,36,687000,2,633,1244000,A,east,0
902,39,1003000,1,600,678000,B,east,0
903,50,857000,10,671,824000,B,north,0
904,29,1051000,1,635,1341000,A,east,0
905,32,1074000,2,568,527000,A,north,0
906,34,742000,3,678,298000,B,south,0
907,37,968000,3,687,1218000,A,north,1
908,37,960000,7,698,2494000,A,west,0
909,48,946000,2,733,1838000,B,south,0
910,29,1030000,2,690,1738000,B,south,0
911,48,974000,6,541,1500000,B,north,0
912,46,1046000,11,758,2319000,A,west,1
913,41,740000,3,752,772000,B,east,1
914,54,906000,9,673,1077000,A,south,1
915,44,750000,5,544,1891000,B,west,0
916,31,700000,3,741,1623000,B,south,0
917,36,557000,4,693,376000,A,west,0
918,21,1117000,0,668,2249000,A,south,0
919,35,634000,6,690,843000,A,west,0
920,51,1027000,4,616,583000,A,north,0
921,46,1392000,3,667,3060000,A,north,1
922,54,449000,3,694,671000,B,east,0
923,47,624000,10,736,1012000,A,east,1
924,46,841000,7,752,2034000,A,west,1
925,32,216000,3,601,408000,B,west,0
926,30,999000,2,665,659000,B,west,0
927,31,632000,2,624,300000,B,east,0
928,31,914000,2,513,670000,B,west,0
929,38,633000,2,585,1393000,B,south,0
930,30,794000,2,731,915000,B,west,1
931,35,776000,4,752,1039000,A,south,1
932,30,736000,2,700,623000,A,north,0
933,59,828000,14,720,1535000,A,north,1
934,48,1071000,3,803,1576000,A,west,1
935,41,703000,9,605,1143000,A,east,0
936,21,855000,0,628,2136000,A,east,0
937,35,638000,2,773,786000,B,south,1
938,49,1033000,10,701,1457000,A,east,1
939,31,551000,1,632,410000,B,south,0
940,24,837000,0,621,738000,B,east,0
941,27,817000,1,568,2004000,B,south,0
942,52,631000,10,699,861000,B,west,0
943,35,698000,1,623,1147000,A,north,0
944,40,1089000,4,672,1790000,B,south,0
945,35,1290000,4,621,1196000,A,east,1
946,44,800000,6,733,726000,A,west,1
947,28,937000,3,725,1541000,A,south,1
948,26,1061000,2,711,1823000,A,east,1
949,38,882000,7,711,407000,A,west,1
950,44,495000,7,643,319000,A,north,0
951,38,680000,3,628,551000,B,east,0
952,30,644000,2,834,1201000,B,south,1
953,37,849000,4,677,1081000,A,east,0
954,41,830000,3,749,704000,B,west,1
955,42,1125000,3,661,1183000,B,west,0
956,31,927000,2,674,608000,B,west,0
957,52,1002000,3,709,2534000,B,north,0
958,25,1275000,1,764,1766000,A,west,1
959,42,1009000,3,597,1700000,A,north,0
960,37,700000,3,748,586000,A,north,1
961,36,819000,6,636,1800000,A,west,0
962,37,833000,4,614,1001000,A,north,0
963,37,1050000,5,606,871000,A,east,0
964,40,731000,8,653,1556000,A,east,0
965,44,712000,7,692,1370000,B,south,0
966,38,734000,5,702,1251000,B,west,0
967,44,887000,5,597,1891000,B,east,0
968,53,608000,6,680,887000,B,north,0
969,40,1171000,4,609,2768000,B,east,0
970,21,1026000,0,678,1779000,A,west,0
971,40,760000,8,633,1109000,A,south,0
972,32,1299000,3,672,2345000,A,south,1
973,44,678000,2,765,1530000,A,east,0
974,50,868000,2,691,678000,B,east,0
975,32,443000,3,680,444000,B,west,0
976,44,965000,10,611,1528000,A,west,0
977,30,896000,3,714,804000,A,north,1
978,40,962000,4,706,1935000,A,east,0
979,50,610000,3,710,1575000,B,east,0
980,44,862000,8,608,2186000,B,east,0
981,36,772000,4,607,1391000,B,north,0
982,21,706000,0,709,1423000,A,south,0
983,40,879000,3,667,1806000,A,west,0
984,40,954000,6,663,1784000,A,west,0
985,42,642000,9,707,860000,A,south,0
986,34,859000,6,579,1946000,A,south,0
987,44,461000,9,640,319000,A,north,0
988,41,1051000,5,613,2590000,A,north,0
989,33,485000,2,746,978000,A,east,0
990,48,356000,5,609,742000,A,south,0
991,40,736000,2,706,1527000,A,west,0
992,56,851000,3,728,1648000,A,south,0
993,44,847000,4,637,2049000,A,west,0
994,27,861000,2,752,552000,A,north,1
995,30,1135000,2,745,1817000,A,west,1
996,47,384000,4,744,383000,B,east,0
997,55,958000,11,614,2045000,A,south,0
998,32,578000,1,687,584000,B,south,0
999,32,553000,2,830,226000,A,west,1
1000,45,1037000,4,676,1636000,B,east,0
1001,41,776000,6,776,750000,A,south,1
1002,47,1225000,2,630,1737000,B,north,0
1003,47,975000,7,732,1669000,B,west,1
1004,45,608000,6,597,326000,B,west,0
1005,43,446000,6,639,348000,B,west,0
1006,46,1135000,3,632,681000,B,east,0
1007,43,535000,6,820,1340000,A,south,1
1008,49,643000,9,584,605000,B,west,0
1009,38,707000,2,629,1324000,B,east,0
1010,29,353000,4,809,895000,A,north,0
1011,52,1073000,8,732,2376000,A,north,1
1012,36,909000,5,667,654000,B,west,0
1013,43,1229000,6,667,1224000,A,west,1
1014,28,611000,2,539,1291000,B,west,0
1015,38,824000,2,646,408000,B,north,0
1016,37,778000,4,722,347000,A,north,1
1017,31,630000,2,678,740000,B,east,0
1018,42,867000,6,719,2230000,B,north,0
1019,34,915000,4,622,829000,B,west,0
1020,21,572000,0,635,1312000,B,west,0
1021,36,887000,2,655,1626000,A,east,0
1022,30,591000,3,584,756000,A,west,0
1023,47,902000,8,751,1682000,A,west,1
1024,56,878000,9,788,1129000,B,east,1
1025,41,306000,5,633,379000,B,east,0
1026,33,1113000,3,616,2029000,A,north,0
1027,37,775000,6,725,1575000,A,east,0
1028,46,1092000,3,598,2443000,A,north,0
1029,34,893000,5,826,711000,A,north,1
1030,51,714000,4,686,1031000,B,west,0
1031,37,1176000,6,691,1223000,A,east,1
1032,31,576000,1,682,1017000,B,south,0
1033,43,596000,6,605,1342000,B,west,0
1034,27,934000,1,635,2232000,A,east,0
1035,30,542000,2,677,1274000,B,south,0
1036,33,475000,5,688,235000,A,south,0
1037,44,723000,8,651,1853000,B,south,0
1038,33,902000,1,702,1894000,B,west,0
1039,36,480000,3,645,639000,A,north,0
1040,37,678000,2,678,357000,A,west,0
1041,40,657000,6,641,765000,A,north,0
1042,37,561000,3,691,1332000,B,north,0
1043,42,859000,6,776,1645000,A,south,1
1044,46,667000,9,809,321000,A,south,1
1045,41,1009000,4,619,906000,A,north,0
1046,47,821000,6,630,1867000,A,west,0
1047,44,547000,3,596,1025000,A,east,0
1048,35,871000,4,809,1802000,A,west,1
1049,27,775000,1,786,722000,A,north,1
1050,28,926000,1,585,443000,A,north,0
1051,36,612000,4,627,1133000,A,north,0
1052,47,1036000,11,568,1039000,A,west,0
1053,26,1080000,1,696,2624000,A,north,0
1054,32,875000,1,695,1173000,A,north,0
1055,38,808000,3,678,956000,B,south,0
1056,46,620000,6,588,727000,B,south,0
1057,34,1101000,3,624,2349000,A,south,0
1058,27,780000,0,696,1170000,B,east,0
1059,24,938000,1,785,1679000,A,west,1
1060,26,926000,1,836,2322000,A,south,1
1061,35,739000,3,786,1281000,B,east,1
1062,34,791000,5,810,1577000,A,south,1
1063,37,616000,4,675,1300000,B,west,0
1064,29,520000,2,675,1095000,B,south,0
1065,31,1233000,4,676,2263000,A,east,1
1066,43,1009000,6,673,732000,A,west,1
1067,41,835000,1,625,2012000,B,south,0
1068,26,698000,2,694,364000,B,west,0
1069,31,766000,2,628,1098000,B,east,0
1070,47,780000,8,618,1092000,B,north,0
1071,49,305000,8,592,542000,B,north,0
1072,54,549000,14,726,977000,A,north,0
1073,41,884000,3,687,650000,B,north,0
1074,28,721000,3,672,1287000,A,west,0
1075,37,857000,7,680,1518000,A,south,0
1076,41,683000,4,628,614000,B,north,0
1077,29,873000,1,745,1417000,B,east,1
1078,48,915000,6,686,1924000,B,south,0
1079,26,369000,0,771,207000,B,north,0
1080,56,1125000,5,596,902000,A,west,0
1081,35,904000,1,661,480000,A,west,0
1082,29,725000,0,634,1867000,B,south,0
1083,35,830000,3,679,913000,A,south,0
1084,42,888000,3,762,500000,B,south,1
1085,41,610000,2,719,432000,B,west,0
1086,45,1017000,6,736,1062000,A,south,1
1087,37,877000,6,711,1979000,A,east,0
1088,28,968000,0,764,1345000,A,west,1
1089,42,967000,3,751,1543000,A,east,1
1090,38,1103000,2,814,1596000,A,west,1
1091,46,680000,4,726,985000,B,east,0
1092,41,1306000,6,728,762000,B,south,1
1093,50,879000,9,685,1605000,A,south,0
1094,35,613000,5,614,1550000,A,west,0
1095,28,418000,1,651,973000,B,west,0
1096,37,751000,4,612,1802000,B,east,0
1097,50,910000,7,747,1622000,A,east,1
1098,51,1003000,11,731,2400000,A,east,1
1099,35,677000,1,837,1405000,B,east,1
1100,34,770000,6,658,716000,A,north,0
1101,32,998000,2,657,929000,B,south,0
1102,46,566000,8,632,893000,B,south,0
1103,40,715000,7,658,1757000,A,east,0
1104,39,699000,5,604,1546000,B,north,0
1105,39,749000,6,781,944000,A,east,1
1106,40,905000,5,693,1833000,A,west,0
1107,41,955000,2,695,1679000,A,east,0
1108,35,1185000,5,666,2257000,A,west,0
1109,28,984000,2,661,2186000,B,north,0
1110,33,1060000,4,664,533000,A,west,1
1111,21,1060000,0,734,1163000,A,south,1
1112,49,901000,6,735,525000,B,east,1
1113,53,1004000,5,695,917000,B,west,1
1114,33,1188000,4,717,2776000,A,west,1
1115,32,530000,2,758,1071000,B,north,0
1116,33,707000,3,746,1079000,B,north,0
1117,42,1010000,6,724,2434000,A,west,1
1118,38,524000,4,764,237000,B,north,1
1119,25,696000,1,604,1164000,B,east,0
1120,50,1440000,6,632,3037000,A,south,0
1121,40,1058000,3,660,2534000,B,east,0
1122,59,634000,4,691,289000,B,west,0
1123,44,1206000,6,670,1300000,A,south,1
1124,44,651000,1,639,773000,B,north,0
1125,34,440000,4,624,367000,B,west,0
1126,37,841000,6,723,1608000,A,west,1
1127,37,490000,3,568,908000,B,south,0
1128,32,860000,4,639,1218000,B,east,0
1129,37,495000,4,614,1140000,B,east,0
1130,21,918000,0,788,884000,B,north,1
1131,47,664000,9,677,377000,B,north,0
1132,46,1415000,10,673,1854000,A,east,1
1133,35,1115000,3,615,2253000,A,south,0
1134,36,618000,4,620,1268000,B,west,0
1135,23,945000,0,708,1870000,B,north,0
1136,25,318000,1,684,145000,B,north,0
1137,44,580000,1,600,628000,B,north,0
1138,41,666000,2,707,1213000,B,north,0
1139,29,679000,1,687,1212000,B,south,0
1140,38,667000,1,775,526000,B,north,1
1141,40,727000,7,699,883000,A,east,0
1142,28,557000,1,664,1409000,B,south,0
1143,37,916000,5,708,1037000,B,north,1
1144,24,801000,0,688,520000,B,east,0
1145,30,1000000,2,694,1397000,A,north,1
1146,21,813000,0,770,1034000,A,north,1
1147,36,922000,4,558,771000,A,north,0
1148,40,592000,6,640,1307000,B,south,0
1149,41,583000,3,683,1191000,B,south,0
1150,42,1239000,9,706,687000,A,east,1
1151,28,626000,1,612,1098000,B,east,0
1152,28,741000,3,659,1343000,A,west,0
1153,36,1096000,5,710,2809000,A,north,0
1154,47,569000,4,734,1151000,B,north,0
1155,33,1095000,2,619,524000,A,north,0
1156,53,836000,7,684,1141000,A,west,0
1157,37,886000,7,652,869000,A,south,0
1158,58,1042000,4,872,1816000,A,north,1
1159,55,1123000,10,772,1962000,A,south,1
1160,32,906000,1,692,1247000,A,south,0
1161,36,426000,4,725,570000,B,north,0
1162,21,1039000,0,697,1367000,A,west,1
1163,32,862000,4,662,594000,B,south,0
1164,38,495000,4,593,979000,B,east,0
1165,45,1014000,1,695,1120000,A,west,1
1166,39,745000,3,640,792000,B,north,0
1167,44,952000,7,658,946000,A,south,0
1168,55,682000,3,605,619000,B,north,0
1169,34,364000,4,682,628000,B,south,0
1170,36,733000,3,547,392000,B,south,0
1171,40,1002000,6,900,2365000,A,east,1
1172,33,816000,1,621,1891000,B,west,0
1173,43,725000,8,708,901000,A,north,1
1174,32,776000,2,698,1537000,A,north,0
1175,37,735000,4,706,1488000,B,east,0
1176,32,866000,1,700,934000,B,east,0
1177,34,723000,4,679,1022000,B,north,0
1178,50,570000,6,766,1043000,B,west,0
1179,34,983000,1,735,2123000,A,east,1
1180,42,643000,1,717,1276000,B,west,0
1181,48,916000,4,740,2010000,A,west,1
1182,40,831000,3,756,1668000,A,south,1
1183,43,1207000,3,726,3104000,A,east,1
1184,55,791000,3,670,1159000,B,north,0
1185,22,977000,0,746,949000,A,east,1
1186,40,942000,2,656,1105000,B,north,0
1187,46,937000,9,695,1727000,A,south,1
1188,38,960000,5,692,1837000,A,west,0
1189,51,773000,9,568,948000,A,south,0
1190,39,735000,3,724,1406000,B,north,0
1191,49,1034000,6,818,512000,A,south,1
1192,45,1017000,5,692,1290000,A,north,1
1193,53,1128000,7,789,1655000,A,east,1
1194,31,869000,1,586,434000,A,east,0
1195,31,883000,4,771,1747000,A,north,1
1196,45,760000,5,611,1573000,B,south,0
1197,40,1023000,3,703,2010000,A,north,0
1198,41,712000,8,599,804000,A,east,0
1199,57,681000,8,595,1477000,B,east,0
1200,43,1075000,3,638,1115000,B,east,0
